filename,mpe_own,mpe_lips
004243_rgb.png,1.8549465239048004,1.4907120068868
001440_rgb.png,1.668285459280014,1.4125703871250153
001792_rgb.png,1.325360745191574,1.2071067690849304
003482_rgb.png,1.5375248491764069,53.25470274686813
000873_rgb.png,2.2258411645889282,29.000288883845013
000045_rgb.png,1.4097982235252857,34.17786637941996
001208_rgb.png,1.5382902324199677,1.5500938495000203
001998_rgb.png,2.7015210688114166,38.31635995705923
003273_rgb.png,1.4083155393600464,1.3333333333333333
004049_rgb.png,4.299048900604248,63.498517990112305
003145_rgb.png,1.4075915906578302,53.26157863934835
001592_rgb.png,1.0099120736122131,2.351229578256607
003395_rgb.png,2.104626327753067,96.03666687011719
003730_rgb.png,1.2430742681026459,1.4715873897075653
000596_rgb.png,1.1892894059419632,0.9428090254465739
003892_rgb.png,1.3535578399896622,1.5606601536273956
004926_rgb.png,2.3569964170455933,4.603553384542465
000378_rgb.png,1.9860528707504272,1.4142135381698608
000200_rgb.png,1.4960310757160187,30.809118072191875
001207_rgb.png,1.2792061492800713,1.2761423587799072
001631_rgb.png,1.641951933503151,19.41509398818016
004816_rgb.png,1.9022682011127472,1.4120226701100667
002542_rgb.png,1.2038998305797577,1.7661237716674805
001924_rgb.png,0.9646658878773451,21.12440566221873
000765_rgb.png,2.141375944018364,47.011932015419006
002745_rgb.png,1.4879478141665459,65.68377837538719
004222_rgb.png,1.8299458175897598,1.6094756921132405
002324_rgb.png,1.5533137619495392,1.4120226701100667
000694_rgb.png,1.501190960407257,1.8834271828333538
001390_rgb.png,1.4535843133926392,0.7071067690849304
003876_rgb.png,0.7269000392407179,1.4125703871250153
004187_rgb.png,1.9615597277879715,49.04198964436849
001750_rgb.png,1.7642694413661957,56.426717122395836
003622_rgb.png,1.4080672562122345,1.6625703871250153
004910_rgb.png,1.016722023487091,43.62600783507029
003809_rgb.png,3.4282477498054504,64.66290092468262
002639_rgb.png,2.0911591053009033,61.58496820926666
003521_rgb.png,1.8852310180664062,26.491894801457722
001721_rgb.png,1.4254760444164276,1.6094756921132405
002350_rgb.png,1.952962875366211,1.0606601536273956
002489_rgb.png,1.218617096543312,1.1380711793899536
000003_rgb.png,1.1687186807394028,18.744030753771465
004488_rgb.png,2.666631430387497,66.71318054199219
003326_rgb.png,1.315512329339981,26.431439717610676
002465_rgb.png,2.274789348244667,26.09371240933736
001425_rgb.png,1.1734791146591306,63.29995473225912
003105_rgb.png,1.1675128489732742,0.7071067690849304
003444_rgb.png,1.821318194270134,34.24580510457357
001571_rgb.png,1.1840611696243286,1.7453560034434001
001042_rgb.png,1.3246758431196213,1.1625703871250153
004541_rgb.png,1.5774149894714355,31.28704758485158
002422_rgb.png,1.4015540033578873,0.75
003296_rgb.png,3.1492973268032074,34.352155297994614
002672_rgb.png,1.2169216610491276,1.6094756921132405
003345_rgb.png,1.5197759787552059,36.15036165714264
002533_rgb.png,1.6961897909641266,2.3106601536273956
004154_rgb.png,1.4983156472444534,41.11131590604782
002460_rgb.png,1.1470045745372772,1.2071067690849304
001020_rgb.png,1.7768700420856476,1.2071067690849304
002571_rgb.png,0.779427781701088,1.0
002704_rgb.png,1.314404919743538,52.088205456733704
000573_rgb.png,1.4017951637506485,0.80901700258255
003533_rgb.png,1.934427410364151,1.1180340051651
002983_rgb.png,1.7311794459819794,1.9621165196100872
001614_rgb.png,1.3767682686448097,1.4714045127232869
004410_rgb.png,1.470851719379425,21.339831789334614
004259_rgb.png,2.3839573562145233,96.28812917073567
000013_rgb.png,1.5114097744226456,1.5161237716674805
003572_rgb.png,1.2086675763130188,1.8251407742500305
000363_rgb.png,1.5243724286556244,47.90516662597656
002086_rgb.png,1.4600839018821716,38.477304577827454
001557_rgb.png,3.4097310602664948,18.460107415914536
003155_rgb.png,1.132181005552411,25.220125317573547
000947_rgb.png,2.2831132113933563,28.20027866959572
004189_rgb.png,1.7341903857886791,26.841397603352863
003574_rgb.png,1.4763256907463074,2.0808802048365274
004730_rgb.png,1.912587732076645,64.39456939697266
002831_rgb.png,1.8886809647083282,1.4125703871250153
003559_rgb.png,1.7680546194314957,1.5500938495000203
000888_rgb.png,3.9417255967855453,1.1380711793899536
000313_rgb.png,1.840552344918251,1.7207592328389485
002174_rgb.png,2.721221446990967,45.821468353271484
001462_rgb.png,1.560439944267273,1.4125703871250153
002139_rgb.png,0.9597856402397156,40.37918039162954
000944_rgb.png,1.570494532585144,34.622281551361084
000226_rgb.png,1.1908800899982452,1.1380711793899536
002712_rgb.png,2.2182549834251404,23.08466264605522
004954_rgb.png,1.5898464359343052,22.691621899604797
003274_rgb.png,1.3895651828497648,1.3333333333333333
004173_rgb.png,1.4956723600625992,0.9571067690849304
002876_rgb.png,1.5108278393745422,1.6180340051651
002286_rgb.png,2.4223725497722626,100.67825317382812
000568_rgb.png,2.267875775694847,68.46456527709961
002282_rgb.png,1.2763900309801102,1.5500938495000203
002689_rgb.png,1.5710236430168152,1.0
003264_rgb.png,1.4702052772045135,29.438051342964172
001582_rgb.png,1.710140436887741,1.3535533845424652
000193_rgb.png,1.1974582970142365,18.71598180135091
001826_rgb.png,1.1324889212846756,32.967942555745445
001864_rgb.png,4.881669580936432,32.597544848918915
002500_rgb.png,1.6110129207372665,81.52441787719727
002864_rgb.png,1.1146618723869324,35.221594989299774
003770_rgb.png,1.367419496178627,42.88381177186966
001634_rgb.png,1.419042706489563,1.4142135381698608
001822_rgb.png,1.13596573472023,20.002923329671223
003855_rgb.png,1.206797200255096,23.54545569419861
000317_rgb.png,2.593896821141243,22.45020039876302
003133_rgb.png,1.633800983428955,50.6063232421875
000885_rgb.png,1.717343807220459,1.1625703871250153
001304_rgb.png,0.8231149613857269,38.38484364748001
004872_rgb.png,1.402222365140915,18.529791514078777
002032_rgb.png,1.4835004359483719,1.2761423587799072
003372_rgb.png,1.1979504693299532,26.516114830970764
002721_rgb.png,1.238646550104022,1.6881650288899739
001469_rgb.png,1.7257286608219147,34.28297372659048
000203_rgb.png,1.4380478262901306,28.801678498586018
003377_rgb.png,3.837511658668518,67.51334329446156
001450_rgb.png,1.4629305601119995,1.5500938495000203
001331_rgb.png,0.4549454692751169,1.216760516166687
001939_rgb.png,1.7105151563882828,1.8834271828333538
001266_rgb.png,2.1097925305366516,20.504642208417255
004753_rgb.png,1.2516972413286567,0.7071067690849304
004586_rgb.png,1.321287214756012,24.169003287951153
002897_rgb.png,3.173788994550705,73.1613994538784
000842_rgb.png,1.7466670870780945,1.4714045127232869
002044_rgb.png,1.299281269311905,1.6180340051651
001720_rgb.png,1.603084236383438,1.4714045127232869
002931_rgb.png,1.4278163611888885,1.4125703871250153
000326_rgb.png,1.4395845383405685,1.0
002987_rgb.png,2.6982307136058807,33.49244896570841
002525_rgb.png,1.6830492615699768,73.3753833770752
000342_rgb.png,1.4464238751679659,1.6094756921132405
001044_rgb.png,1.345480889081955,3.7039919793605804
003520_rgb.png,1.8831241130828857,2.3548316955566406
001213_rgb.png,1.172018975019455,29.59708747267723
004526_rgb.png,2.355527698993683,3.6622776985168457
003024_rgb.png,1.3933028597384691,61.09183247884115
000295_rgb.png,0.8091706277336925,76.90558815002441
004469_rgb.png,1.937013417482376,77.32651099562645
001221_rgb.png,1.3242481350898743,22.470911661783855
000616_rgb.png,1.6187997907400131,63.72793769836426
004847_rgb.png,1.610358864068985,31.210135380427044
000079_rgb.png,2.6428094059228897,76.84461212158203
004594_rgb.png,1.6499890238046646,1.3106601536273956
003503_rgb.png,1.38921557366848,1.55901700258255
004519_rgb.png,1.175899475812912,43.87949244181315
003619_rgb.png,3.635306641459465,54.13525136311849
004854_rgb.png,1.945893183350563,1.4142135381698608
002145_rgb.png,1.2520056460052729,33.75667826334635
001071_rgb.png,1.679856687784195,1.2071067690849304
002732_rgb.png,1.0770707726478577,16.47494963804881
000029_rgb.png,1.810403972864151,22.639302641153336
000361_rgb.png,1.6143781244754791,31.537962834040325
002266_rgb.png,4.073705106973648,3.2201415300369263
004783_rgb.png,1.4475060850381851,1.2071067690849304
000756_rgb.png,3.1690926253795624,54.863036930561066
000416_rgb.png,1.3607699573040009,58.25548807779948
002057_rgb.png,1.4804358035326004,37.152581602334976
004849_rgb.png,1.6714141964912415,31.421117146809895
004140_rgb.png,1.3840760588645935,1.4125703871250153
002162_rgb.png,1.0162028521299362,1.2071067690849304
001667_rgb.png,3.2445985078811646,26.369470715522766
002808_rgb.png,1.548203706741333,46.84921646118164
001725_rgb.png,1.0611734949052334,90.18625259399414
002308_rgb.png,1.2481198161840439,20.60098648071289
002231_rgb.png,1.3770548291504383,2.0161237716674805
004967_rgb.png,3.669843405485153,9.0
004876_rgb.png,1.5601018965244293,17.448513785998028
000876_rgb.png,1.6261436939239502,26.904940048853557
000945_rgb.png,2.0284194201231003,35.66826883951823
004957_rgb.png,1.3156848214566708,63.49654082457224
001100_rgb.png,2.0650642812252045,1.2661237716674805
000848_rgb.png,2.1755345463752747,43.336203257242836
002452_rgb.png,2.1409604251384735,27.722429672876995
004543_rgb.png,1.5773728787899017,20.347443381945293
000064_rgb.png,1.262976938392967,52.50480651855469
004333_rgb.png,1.364508479833603,31.928232828776043
002478_rgb.png,1.960127554833889,1.0
004450_rgb.png,1.3296505063772202,1.2661237716674805
003589_rgb.png,1.4711803793907166,25.797980745633442
001292_rgb.png,1.9670031368732452,0.9571067690849304
002334_rgb.png,1.417633593082428,1.6180340051651
003027_rgb.png,1.130814477801323,62.19696275393168
002001_rgb.png,1.3734274804592133,1.1625703871250153
000563_rgb.png,2.178961604833603,34.65400083859762
002859_rgb.png,0.9570357464253902,31.383363842964172
001085_rgb.png,2.9091551192104816,96.84264373779297
004743_rgb.png,1.3407695814967155,1.7661237716674805
004144_rgb.png,0.8301073983311653,27.828842163085938
001746_rgb.png,1.5783515814691782,45.57315808534622
004404_rgb.png,2.1347894370555878,38.06015318632126
000600_rgb.png,1.106276884675026,1.8834271828333538
000819_rgb.png,2.0250686556100845,21.17414931456248
004612_rgb.png,1.7075278759002686,1.0
003754_rgb.png,1.896096020936966,1.7661237716674805
000076_rgb.png,1.37319678068161,73.15708845853806
000594_rgb.png,1.558377243578434,1.2761423587799072
002590_rgb.png,1.5024284422397614,31.917614579200745
003745_rgb.png,1.4658491015434265,29.834365606307983
002457_rgb.png,1.6402844339609146,35.87198078632355
001072_rgb.png,1.7443116009235382,1.2761423587799072
003242_rgb.png,1.356552630662918,22.598629752794903
002175_rgb.png,3.6431047469377518,48.530340830485024
001955_rgb.png,1.666783168911934,19.910193641980488
002573_rgb.png,1.419966146349907,0.6666666666666666
001673_rgb.png,1.8524516336619854,52.87002944946289
002136_rgb.png,1.7775940299034119,39.57170180479685
002591_rgb.png,1.3857655376195908,11.632904648780823
004282_rgb.png,1.2966402247548103,31.958935022354126
004630_rgb.png,1.6111050099134445,1.2071067690849304
003434_rgb.png,1.5380033552646637,29.074177026748657
000671_rgb.png,1.126756850630045,1.216760516166687
000325_rgb.png,1.0392978489398956,1.4714045127232869
002016_rgb.png,1.2633513063192368,16.914941400289536
004666_rgb.png,1.3046075254678726,50.82755025227865
000982_rgb.png,1.3001016527414322,27.00619947910309
003307_rgb.png,1.181074544787407,66.82415199279785
001926_rgb.png,1.3082208633422852,23.893473307291668
000556_rgb.png,1.755955085158348,95.73664093017578
000561_rgb.png,1.7509809136390686,1.1380711793899536
001522_rgb.png,1.2691237777471542,1.4142135381698608
000656_rgb.png,1.3694031834602356,110.69518534342448
004160_rgb.png,1.4781149923801422,1.6196771562099457
000465_rgb.png,1.670454889535904,60.54032897949219
001289_rgb.png,1.6632991582155228,1.4142135381698608
004350_rgb.png,0.9608653839677572,25.19725243250529
004119_rgb.png,2.5463005751371384,7.488718122243881
003905_rgb.png,1.8434461057186127,50.91666716337204
000410_rgb.png,1.4810878187417984,26.08746059735616
000468_rgb.png,1.1333952248096466,60.566182454427086
002569_rgb.png,1.55632846057415,1.1180340051651
000499_rgb.png,2.035736083984375,92.69600168863933
004441_rgb.png,1.6651232242584229,1.2071067690849304
000479_rgb.png,1.4964115619659424,1.5500938495000203
001783_rgb.png,1.3386494889855385,1.4714045127232869
002430_rgb.png,1.0162029936909676,1.2661237716674805
001555_rgb.png,1.341455802321434,17.310660153627396
001268_rgb.png,2.3095657428105674,29.797482669353485
003986_rgb.png,1.4522330462932587,0.8047378460566202
004552_rgb.png,2.3804892897605896,1.2761423587799072
003465_rgb.png,4.266923890449107,1.216760516166687
002336_rgb.png,1.2096916437149048,1.2071067690849304
003727_rgb.png,2.1104807257652283,2.5351837476094565
002172_rgb.png,2.149954706430435,31.638345539569855
003198_rgb.png,1.2940203994512558,1.2071067690849304
000017_rgb.png,1.372123183682561,0.7071067690849304
003104_rgb.png,2.0161152482032776,1.1380711793899536
001348_rgb.png,1.624479740858078,90.77042961120605
000480_rgb.png,1.408764362335205,1.7661237716674805
003285_rgb.png,3.2287760078907013,3.01335147023201
001751_rgb.png,1.5680333971977234,56.426717122395836
003943_rgb.png,1.6763882040977478,1.30901700258255
003978_rgb.png,2.5599213540554047,95.36105855305989
003329_rgb.png,1.6119547684987385,27.19010365009308
001362_rgb.png,1.4639614075422287,59.96467284361521
001936_rgb.png,1.9677034616470337,1.1380711793899536
000764_rgb.png,2.18765065073967,23.860200136899948
000120_rgb.png,1.7126630246639252,1.3680340051651
004428_rgb.png,2.830641034990549,55.93391340970993
000414_rgb.png,1.4447714984416962,42.57566261291504
000802_rgb.png,1.5007207356393337,1.7453560034434001
004508_rgb.png,4.995618835091591,1.5
003630_rgb.png,0.989538200199604,13.309499104817709
000617_rgb.png,4.515382844954729,69.11654710769653
002046_rgb.png,1.8912825277075171,47.542991638183594
003789_rgb.png,1.3504402339458466,2.5522846778233848
004799_rgb.png,2.848169505596161,54.226375579833984
001503_rgb.png,1.8013477474451065,17.692192832628887
004989_rgb.png,1.7118464559316635,93.70895131429036
001148_rgb.png,2.47818186879158,1.216760516166687
003675_rgb.png,1.2960986010730267,1.4571067690849304
004393_rgb.png,1.5824826508760452,1.0
001558_rgb.png,3.0200949013233185,17.942866891622543
001569_rgb.png,1.6373956203460693,56.948089361190796
002036_rgb.png,0.8935439810156822,1.4142135381698608
000895_rgb.png,0.7004805095493793,25.16864377260208
002779_rgb.png,1.2420545518398285,73.30889129638672
003298_rgb.png,2.988647025078535,35.253091245889664
000496_rgb.png,2.0005383789539337,50.384534200032554
000806_rgb.png,1.156293222680688,57.15398329496384
000443_rgb.png,1.9204606115818024,22.674460977315903
003825_rgb.png,2.0730392038822174,62.15427780151367
003367_rgb.png,1.4688186794519424,85.2854512532552
003469_rgb.png,1.9190886318683624,1.0786893367767334
002902_rgb.png,1.2509994059801102,1.3680340051651
003531_rgb.png,1.5111428499221802,1.1380711793899536
000794_rgb.png,1.4250501841306686,62.26028347015381
000772_rgb.png,1.2541758958250284,1.6770510077476501
001559_rgb.png,1.7009961158037186,17.316827595233917
003334_rgb.png,1.4197357594966888,63.84465992450714
003874_rgb.png,0.8844737112522125,1.05901700258255
001990_rgb.png,1.5545612573623657,21.567168951034546
003872_rgb.png,1.2079621851444244,1.0
004720_rgb.png,1.366320051252842,1.6196771562099457
004677_rgb.png,1.969608098268509,30.272794365882874
001083_rgb.png,1.4215745329856873,42.876712799072266
004826_rgb.png,1.6394211053848267,25.08709156513214
001755_rgb.png,1.5676622986793518,62.32972208658854
003976_rgb.png,0.9941403567790985,94.27754974365234
002281_rgb.png,0.9850964695215225,16.352040847142536
001949_rgb.png,2.2611949145793915,83.6742935180664
004211_rgb.png,0.9291080599650741,35.6945264339447
000580_rgb.png,1.8117446899414062,26.891082406044006
002706_rgb.png,0.7892302125692368,56.7676211198171
000257_rgb.png,1.777809590101242,39.33768479029337
000552_rgb.png,1.60769821703434,1.1380711793899536
001875_rgb.png,3.5226632207632065,52.03136698404948
000482_rgb.png,1.2731380499899387,1.5161237716674805
000581_rgb.png,1.4053545445203781,1.216760516166687
000058_rgb.png,2.197054987773299,30.3173060019811
001804_rgb.png,2.759795516729355,0.7071067690849304
001885_rgb.png,1.6183958947658539,4.107870638370514
004537_rgb.png,3.5731335878372192,55.2813835144043
000172_rgb.png,1.0758718624711037,1.6196771562099457
002769_rgb.png,1.4149474948644638,23.648347467184067
000524_rgb.png,1.9572060406208038,18.750829309225082
001840_rgb.png,1.4022437781095505,1.6196771562099457
002030_rgb.png,1.2986429184675217,1.2661237716674805
000991_rgb.png,1.6445608288049698,0.6035533845424652
003698_rgb.png,2.7510249614715576,38.55218428373337
004239_rgb.png,1.0721362233161926,58.182825207710266
003588_rgb.png,1.2756487876176834,26.04949951171875
003059_rgb.png,2.560638189315796,99.15001678466797
003268_rgb.png,1.6462621688842773,69.7346420288086
002553_rgb.png,1.7141795754432678,1.2761423587799072
001647_rgb.png,3.406566654331982,51.28994826475779
004417_rgb.png,3.369756023089091,101.89596303304036
001735_rgb.png,1.2160184979438782,46.787147521972656
003466_rgb.png,3.4263501539826393,1.216760516166687
004322_rgb.png,1.420475795865059,1.2071067690849304
002171_rgb.png,1.5242622196674347,31.287199795246124
001352_rgb.png,1.2341963108628988,31.090604146321613
004503_rgb.png,1.6709307730197906,1.6625703871250153
003893_rgb.png,1.6336561739444733,1.55901700258255
001051_rgb.png,1.174511875025928,28.02528154850006
001030_rgb.png,1.3932331204414368,0.8535533845424652
004363_rgb.png,2.457768604159355,1.3106601536273956
000566_rgb.png,2.1548511385917664,57.43893355131149
003981_rgb.png,2.638351559638977,1.3535533845424652
000701_rgb.png,1.2899345308542252,0.9571067690849304
004951_rgb.png,1.3731520920991898,1.6881650288899739
004647_rgb.png,3.5294546484947205,28.939335624376934
001973_rgb.png,1.4841076880693436,1.2661237716674805
000474_rgb.png,1.506899580359459,1.5500938495000203
001961_rgb.png,1.9607743322849274,0.6666666666666666
002519_rgb.png,1.4498194009065628,20.789518356323242
002973_rgb.png,0.9830826967954636,31.96558101971944
000916_rgb.png,1.7894656509160995,51.163013100624084
000159_rgb.png,1.3565612435340881,1.6625703871250153
004002_rgb.png,1.326844234019518,1.30901700258255
002655_rgb.png,2.0491531044244766,16.368017832438152
000004_rgb.png,1.114251047372818,59.49622440338135
004344_rgb.png,2.6390871107578278,36.82182198762894
004418_rgb.png,3.7380173380176225,108.91549682617188
001323_rgb.png,1.8950362801551819,1.9270510077476501
003063_rgb.png,1.4857106059789658,1.8696771562099457
004885_rgb.png,1.3939083367586136,1.0786893367767334
001629_rgb.png,2.55245004594326,50.49875622987747
004861_rgb.png,1.6746474504470825,25.78336450457573
002444_rgb.png,1.8536440134048462,18.345860560735066
000871_rgb.png,0.8214139044284821,56.89081827799479
004158_rgb.png,2.0183921568095684,1.6180340051651
001463_rgb.png,1.057617112994194,1.80901700258255
004100_rgb.png,2.607069581747055,46.01180422306061
002157_rgb.png,1.5201147682964802,15.98158315817515
000026_rgb.png,1.9872432947158813,24.057723999023438
003716_rgb.png,1.6092774718999863,50.79431279500326
001295_rgb.png,3.3100646138191223,42.30151160558065
003561_rgb.png,1.3750351965427399,1.4125703871250153
002404_rgb.png,1.9671780616044998,34.83920210599899
000913_rgb.png,1.373912751674652,31.06370520591736
002786_rgb.png,1.206494465470314,59.761369824409485
002185_rgb.png,1.799156978726387,56.488179524739586
004398_rgb.png,1.287849063674609,87.69488525390625
000938_rgb.png,1.4652279317378998,44.7564442952474
000094_rgb.png,1.5419015251100063,28.45501454671224
004532_rgb.png,1.6381682753562927,57.987101236979164
002059_rgb.png,1.3457519859075546,37.09512484073639
004334_rgb.png,1.7973338961601257,47.4456707239151
003834_rgb.png,1.0815806984901428,2.1921637455622354
003126_rgb.png,1.2327221632003784,83.63164774576823
003152_rgb.png,1.1754889525473118,1.1035533845424652
000520_rgb.png,1.723188191652298,1.4125703871250153
003458_rgb.png,1.862640529870987,0.9428090254465739
001310_rgb.png,1.6553249657154083,20.895751476287842
001252_rgb.png,1.3476194441318512,16.46371403336525
000898_rgb.png,2.2433992624282837,33.88117929299673
000385_rgb.png,2.105170875787735,52.40484219789505
000744_rgb.png,1.2375050634145737,30.902018229166668
004042_rgb.png,1.8360541462898254,26.14403025309245
004174_rgb.png,1.2054988145828247,22.13773900270462
001133_rgb.png,1.473945438861847,1.6625703871250153
001796_rgb.png,1.6797043830156326,39.65829952557882
002965_rgb.png,0.8978740964084864,1.5161237716674805
003271_rgb.png,1.3263286612927914,1.6881650288899739
004780_rgb.png,1.4422406554222107,1.6625703871250153
003509_rgb.png,1.6646765594681103,95.78140767415364
004788_rgb.png,1.5370048508048058,5.612512985865275
002152_rgb.png,1.2212741672992706,15.153566479682922
004415_rgb.png,1.3922698311507702,86.89559173583984
004598_rgb.png,1.2443765103816986,1.4714045127232869
002020_rgb.png,1.2793280333280563,18.349314610163372
004994_rgb.png,1.9716076999902725,1.2071067690849304
002169_rgb.png,1.1961007565259933,57.29310607910156
001170_rgb.png,1.3591425716876984,1.4571067690849304
003758_rgb.png,2.3223766684532166,23.43528500199318
003241_rgb.png,1.2485775668174028,21.979975899060566
004089_rgb.png,3.3171282708644867,61.75143224000931
001741_rgb.png,1.7293233275413513,20.88857905069987
002577_rgb.png,1.793854534626007,82.14656321207683
004646_rgb.png,3.314378436654806,20.91131192445755
001728_rgb.png,0.5374567555263638,87.8268191019694
000542_rgb.png,1.0682588536292315,2.0808802048365274
002193_rgb.png,1.5472453385591507,1.6180340051651
003286_rgb.png,3.2185115218162537,1.6881650288899739
002584_rgb.png,1.2909503877162933,2.0161237716674805
000262_rgb.png,1.3656621277332306,1.8047378460566204
001876_rgb.png,3.71084263920784,31.372395316759746
000458_rgb.png,2.901506692171097,91.4596316019694
002656_rgb.png,1.7566607147455215,19.02865421772003
001799_rgb.png,2.3021555691957474,33.62225544452667
004562_rgb.png,1.5801121890544891,1.2071067690849304
002211_rgb.png,1.5297496318817139,1.4571067690849304
003108_rgb.png,1.2522132843732834,1.6881650288899739
003786_rgb.png,4.06074333190918,28.45390197634697
001338_rgb.png,1.7163450419902802,21.76283437013626
002005_rgb.png,1.3201965931802988,22.0
004375_rgb.png,1.3181264698505402,40.84557896852493
001401_rgb.png,1.8151371479034424,1.30901700258255
000584_rgb.png,1.7336551547050476,0.7071067690849304
002187_rgb.png,4.019844830036163,67.67636267344157
001716_rgb.png,1.716811627149582,50.074855625629425
002910_rgb.png,2.0037983655929565,1.2071067690849304
003032_rgb.png,1.2603337466716766,1.3680340051651
001332_rgb.png,1.7009309977293015,1.0
002988_rgb.png,1.0825429428368807,33.26736934979757
003714_rgb.png,1.9855616986751556,42.44452997048696
002277_rgb.png,2.6836913228034973,44.85282897949219
003113_rgb.png,1.5073146969079971,1.4120226701100667
000827_rgb.png,4.3388421932856245,55.93501687049866
001907_rgb.png,1.649022897084554,24.197695910930634
000653_rgb.png,1.4894216805696487,39.16197713216146
002370_rgb.png,1.1092544067651033,9.555488109588623
001866_rgb.png,4.54046436958015,76.12712478637695
000375_rgb.png,1.7856716811656952,1.8240453402201335
000569_rgb.png,3.1447123289108276,67.73999118804932
001575_rgb.png,5.069249153137207,68.64482879638672
004729_rgb.png,1.6461134403944016,1.8834271828333538
002962_rgb.png,1.280673235654831,1.4715873897075653
002401_rgb.png,1.372741088271141,1.1180340051651
004522_rgb.png,1.4222838412970304,1.2071067690849304
000645_rgb.png,2.256334811449051,47.89539471268654
003100_rgb.png,1.4700437188148499,1.2071067690849304
001022_rgb.png,2.063880532979965,32.507264316082
004392_rgb.png,1.206717111170292,0.8535533845424652
003763_rgb.png,0.8458303734660149,1.8834271828333538
000355_rgb.png,1.0640416145324707,1.9013878107070923
002166_rgb.png,1.3408054169267416,90.98766326904297
004945_rgb.png,1.5751805007457733,20.781434138615925
002817_rgb.png,1.2034270484000444,33.400604248046875
002940_rgb.png,1.5637524798512459,1.4125703871250153
000792_rgb.png,1.5031789541244507,1.3333333333333333
003112_rgb.png,1.4715786539018154,1.4715873897075653
000759_rgb.png,2.954526871442795,55.164648830890656
000837_rgb.png,1.4867820143699646,22.249948898951214
002757_rgb.png,3.100024938583374,0.0
001763_rgb.png,1.516105018556118,2.330234924952189
001273_rgb.png,0.9572106599807739,1.7453560034434001
002276_rgb.png,3.8608233630657196,44.642740885416664
002787_rgb.png,1.542678877711296,63.34979248046875
003462_rgb.png,1.2286252826452255,1.4125703871250153
001307_rgb.png,1.5724668105443318,60.66286849975586
000053_rgb.png,1.5176369845867157,1.0606601536273956
002278_rgb.png,2.999323785305023,65.93628692626953
004827_rgb.png,2.023965150117874,23.953757723172505
003679_rgb.png,1.3792989309877157,1.4120226701100667
001805_rgb.png,4.041759565472603,1.0
003436_rgb.png,1.2185267619788647,60.247596740722656
004464_rgb.png,1.42820805311203,60.42077076435089
001628_rgb.png,1.5946641862392426,51.74062520265579
004597_rgb.png,0.838203139603138,1.0786893367767334
000217_rgb.png,3.963551938533783,97.90829658508301
004931_rgb.png,1.683825671672821,32.494445284207664
004139_rgb.png,2.783610761165619,56.33985900878906
001905_rgb.png,1.243611080572009,22.669027149677277
001791_rgb.png,1.570317655801773,1.4125703871250153
000767_rgb.png,2.6156834959983826,37.30753175417582
000244_rgb.png,1.4614541875198483,33.47190323472023
000260_rgb.png,1.7796262204647064,27.90520962079366
003456_rgb.png,2.8630203902721405,1.1380711793899536
004837_rgb.png,1.0474698934704065,28.937184651692707
000712_rgb.png,1.4488347917795181,1.2071067690849304
004467_rgb.png,3.0806632339954376,76.77850151062012
000839_rgb.png,1.2430256456136703,22.532997926076252
001143_rgb.png,0.9384344220161438,1.05901700258255
001828_rgb.png,1.4359355866909027,32.42558670043945
002006_rgb.png,0.7656600549817085,24.770466605822246
002253_rgb.png,1.6114280223846436,1.4714045127232869
000204_rgb.png,1.126736506819725,29.937639117240906
000912_rgb.png,1.402516484260559,29.225369532903034
